# Name,   Type, SubType, Offset,  Size,     Flags
# Своя разметка вместо partitions_two_ota: там ещё factory 1M, и на 4 МБ
# флеша слоты получаются по 1M — прошивке с TLS/OTA тесно (esp32c6 не
# влез даже с -Os). Без factory: кабельная прошивка идёт в ota_0,
# два слота по ~1.9M — запас под веб-интерфейс v2.
nvs,      data, nvs,     0x9000,  0x6000,
otadata,  data, ota,     0xf000,  0x2000,
phy_init, data, phy,     0x11000, 0x1000,
ota_0,    app,  ota_0,   0x20000, 0x1E0000,
ota_1,    app,  ota_1,   0x200000,0x1E0000,
